-- 사용자
INSERT INTO hanghae_users (id, name, password)
VALUES ('user1', '사용자1', '1234'),
       ('user2', '사용자2', '1234'),
       ('user3', '사용자3', '1234'),
       ('user4', '사용자4', '1234'),
       ('user5', '사용자5', '1234'),
       ('user6', '사용자6', '1234'),
       ('user7', '사용자7', '1234'),
       ('user8', '사용자8', '1234'),
       ('user9', '사용자9', '1234'),
       ('user10', '사용자10', '1234'),
       ('user11', '사용자11', '1234'),
       ('user12', '사용자12', '1234'),
       ('user13', '사용자13', '1234'),
       ('user14', '사용자14', '1234'),
       ('user15', '사용자15', '1234'),
       ('user16', '사용자16', '1234'),
       ('user17', '사용자17', '1234'),
       ('user18', '사용자18', '1234'),
       ('user19', '사용자19', '1234'),
       ('user20', '사용자20', '1234'),
       ('user21', '사용자21', '1234'),
       ('user22', '사용자22', '1234'),
       ('user23', '사용자23', '1234'),
       ('user24', '사용자24', '1234'),
       ('user25', '사용자25', '1234'),
       ('user26', '사용자26', '1234'),
       ('user27', '사용자27', '1234'),
       ('user28', '사용자28', '1234'),
       ('user29', '사용자29', '1234'),
       ('user30', '사용자30', '1234'),
       ('user31', '사용자31', '1234'),
       ('user32', '사용자32', '1234'),
       ('user33', '사용자33', '1234'),
       ('user34', '사용자34', '1234'),
       ('user35', '사용자35', '1234'),
       ('user36', '사용자36', '1234'),
       ('user37', '사용자37', '1234'),
       ('user38', '사용자38', '1234'),
       ('user39', '사용자39', '1234'),
       ('user40', '사용자40', '1234'),
       ('user41', '사용자41', '1234'),
       ('user42', '사용자42', '1234'),
       ('user43', '사용자43', '1234'),
       ('user44', '사용자44', '1234'),
       ('user45', '사용자45', '1234'),
       ('user46', '사용자46', '1234'),
       ('user47', '사용자47', '1234'),
       ('user48', '사용자48', '1234'),
       ('user49', '사용자49', '1234'),
       ('user50', '사용자50', '1234'),
       ('user51', '사용자51', '1234'),
       ('user52', '사용자52', '1234'),
       ('user53', '사용자53', '1234'),
       ('user54', '사용자54', '1234'),
       ('user55', '사용자55', '1234'),
       ('user56', '사용자56', '1234'),
       ('user57', '사용자57', '1234'),
       ('user58', '사용자58', '1234'),
       ('user59', '사용자59', '1234'),
       ('user60', '사용자60', '1234'),
       ('user61', '사용자61', '1234'),
       ('user62', '사용자62', '1234'),
       ('user63', '사용자63', '1234'),
       ('user64', '사용자64', '1234'),
       ('user65', '사용자65', '1234'),
       ('user66', '사용자66', '1234'),
       ('user67', '사용자67', '1234'),
       ('user68', '사용자68', '1234'),
       ('user69', '사용자69', '1234'),
       ('user70', '사용자70', '1234'),
       ('user71', '사용자71', '1234'),
       ('user72', '사용자72', '1234'),
       ('user73', '사용자73', '1234'),
       ('user74', '사용자74', '1234'),
       ('user75', '사용자75', '1234'),
       ('user76', '사용자76', '1234'),
       ('user77', '사용자77', '1234'),
       ('user78', '사용자78', '1234'),
       ('user79', '사용자79', '1234'),
       ('user80', '사용자80', '1234'),
       ('user81', '사용자81', '1234'),
       ('user82', '사용자82', '1234'),
       ('user83', '사용자83', '1234'),
       ('user84', '사용자84', '1234'),
       ('user85', '사용자85', '1234'),
       ('user86', '사용자86', '1234'),
       ('user87', '사용자87', '1234'),
       ('user88', '사용자88', '1234'),
       ('user89', '사용자89', '1234'),
       ('user90', '사용자90', '1234'),
       ('user91', '사용자91', '1234'),
       ('user92', '사용자92', '1234'),
       ('user93', '사용자93', '1234'),
       ('user94', '사용자94', '1234'),
       ('user95', '사용자95', '1234'),
       ('user96', '사용자96', '1234'),
       ('user97', '사용자97', '1234'),
       ('user98', '사용자98', '1234'),
       ('user99', '사용자99', '1234'),
       ('user100', '사용자100', '1234');

-- 포인트
INSERT INTO hanghae_points (amount, id, user_id)
VALUES (100000, 1, 'user1'),
       (100000, 2, 'user2'),
       (100000, 3, 'user3'),
       (100000, 4, 'user4'),
       (100000, 5, 'user5'),
       (100000, 6, 'user6'),
       (100000, 7, 'user7'),
       (100000, 8, 'user8'),
       (100000, 9, 'user9'),
       (100000, 10, 'user10'),
       (100000, 11, 'user11'),
       (100000, 12, 'user12'),
       (100000, 13, 'user13'),
       (100000, 14, 'user14'),
       (100000, 15, 'user15'),
       (100000, 16, 'user16'),
       (100000, 17, 'user17'),
       (100000, 18, 'user18'),
       (100000, 19, 'user19'),
       (100000, 20, 'user20'),
       (100000, 21, 'user21'),
       (100000, 22, 'user22'),
       (100000, 23, 'user23'),
       (100000, 24, 'user24'),
       (100000, 25, 'user25'),
       (100000, 26, 'user26'),
       (100000, 27, 'user27'),
       (100000, 28, 'user28'),
       (100000, 29, 'user29'),
       (100000, 30, 'user30'),
       (100000, 31, 'user31'),
       (100000, 32, 'user32'),
       (100000, 33, 'user33'),
       (100000, 34, 'user34'),
       (100000, 35, 'user35'),
       (100000, 36, 'user36'),
       (100000, 37, 'user37'),
       (100000, 38, 'user38'),
       (100000, 39, 'user39'),
       (100000, 40, 'user40'),
       (100000, 41, 'user41'),
       (100000, 42, 'user42'),
       (100000, 43, 'user43'),
       (100000, 44, 'user44'),
       (100000, 45, 'user45'),
       (100000, 46, 'user46'),
       (100000, 47, 'user47'),
       (100000, 48, 'user48'),
       (100000, 49, 'user49'),
       (100000, 50, 'user50'),
       (100000, 51, 'user51'),
       (100000, 52, 'user52'),
       (100000, 53, 'user53'),
       (100000, 54, 'user54'),
       (100000, 55, 'user55'),
       (100000, 56, 'user56'),
       (100000, 57, 'user57'),
       (100000, 58, 'user58'),
       (100000, 59, 'user59'),
       (100000, 60, 'user60'),
       (100000, 61, 'user61'),
       (100000, 62, 'user62'),
       (100000, 63, 'user63'),
       (100000, 64, 'user64'),
       (100000, 65, 'user65'),
       (100000, 66, 'user66'),
       (100000, 67, 'user67'),
       (100000, 68, 'user68'),
       (100000, 69, 'user69'),
       (100000, 70, 'user70'),
       (100000, 71, 'user71'),
       (100000, 72, 'user72'),
       (100000, 73, 'user73'),
       (100000, 74, 'user74'),
       (100000, 75, 'user75'),
       (100000, 76, 'user76'),
       (100000, 77, 'user77'),
       (100000, 78, 'user78'),
       (100000, 79, 'user79'),
       (100000, 80, 'user80'),
       (100000, 81, 'user81'),
       (100000, 82, 'user82'),
       (100000, 83, 'user83'),
       (100000, 84, 'user84'),
       (100000, 85, 'user85'),
       (100000, 86, 'user86'),
       (100000, 87, 'user87'),
       (100000, 88, 'user88'),
       (100000, 89, 'user89'),
       (100000, 90, 'user90'),
       (100000, 91, 'user91'),
       (100000, 92, 'user92'),
       (100000, 93, 'user93'),
       (100000, 94, 'user94'),
       (100000, 95, 'user95'),
       (100000, 96, 'user96'),
       (100000, 97, 'user97'),
       (100000, 98, 'user98'),
       (100000, 99, 'user99'),
       (100000, 100, 'user100');

-- 상품
INSERT INTO hanghae_products (id, price, name)
VALUES (1, 90, '상품1'),
       (2, 70, '상품2'),
       (3, 50, '상품3'),
       (4, 60, '상품4'),
       (5, 80, '상품5');

-- 상품 재고
INSERT INTO hanghae_product_inventories (amount, id, product_id)
VALUES (1000, 1, 1),
       (1000, 2, 2),
       (1000, 3, 3),
       (1000, 4, 4),
       (1000, 5, 5);